Município,Cód. IBGE,UF,Região,Fabricante,Doses Aplicadas,Dose 1,Dose 2
Acauã,220005,PI,Nordeste,FIOCRUZ/ASTRAZENECA,2912,2265,647
Acauã,220005,PI,Nordeste,BUTANTAN/SINOVAC,1236,702,534
Acauã,220005,PI,Nordeste,PFIZER/BIONTECH,433,433,0
Acauã,220005,PI,Nordeste,JANSSEN,141,0,0
Agricolândia,220010,PI,Nordeste,FIOCRUZ/ASTRAZENECA,1701,1365,336
Agricolândia,220010,PI,Nordeste,BUTANTAN/SINOVAC,1328,734,594
Agricolândia,220010,PI,Nordeste,PFIZER/BIONTECH,274,274,0
Agricolândia,220010,PI,Nordeste,JANSSEN,76,0,0
Água Branca,220020,PI,Nordeste,FIOCRUZ/ASTRAZENECA,6090,5143,947
Água Branca,220020,PI,Nordeste,BUTANTAN/SINOVAC,4427,2372,2055
Água Branca,220020,PI,Nordeste,PFIZER/BIONTECH,1170,1168,2
Água Branca,220020,PI,Nordeste,JANSSEN,308,0,0
Alagoinha Do Piauí,220025,PI,Nordeste,FIOCRUZ/ASTRAZENECA,2426,2023,403
Alagoinha Do Piauí,220025,PI,Nordeste,BUTANTAN/SINOVAC,1566,827,739
Alagoinha Do Piauí,220025,PI,Nordeste,PFIZER/BIONTECH,371,370,1
Alagoinha Do Piauí,220025,PI,Nordeste,JANSSEN,128,0,0
Alegrete Do Piauí,220027,PI,Nordeste,FIOCRUZ/ASTRAZENECA,1507,1197,310
Alegrete Do Piauí,220027,PI,Nordeste,BUTANTAN/SINOVAC,1021,552,469
Alegrete Do Piauí,220027,PI,Nordeste,PFIZER/BIONTECH,294,294,0
Alegrete Do Piauí,220027,PI,Nordeste,JANSSEN,80,0,0
Alto Longá,220030,PI,Nordeste,FIOCRUZ/ASTRAZENECA,4394,3181,1213
Alto Longá,220030,PI,Nordeste,BUTANTAN/SINOVAC,2873,1459,1414
Alto Longá,220030,PI,Nordeste,PFIZER/BIONTECH,624,624,0
Alto Longá,220030,PI,Nordeste,JANSSEN,161,0,0
Altos,220040,PI,Nordeste,FIOCRUZ/ASTRAZENECA,12007,9943,2064
Altos,220040,PI,Nordeste,BUTANTAN/SINOVAC,7239,3965,3274
Altos,220040,PI,Nordeste,PFIZER/BIONTECH,1308,1308,0
Altos,220040,PI,Nordeste,JANSSEN,573,0,0
Alvorada Do Gurguéia,220045,PI,Nordeste,FIOCRUZ/ASTRAZENECA,1894,1761,133
Alvorada Do Gurguéia,220045,PI,Nordeste,BUTANTAN/SINOVAC,1150,667,483
Alvorada Do Gurguéia,220045,PI,Nordeste,PFIZER/BIONTECH,294,294,0
Alvorada Do Gurguéia,220045,PI,Nordeste,JANSSEN,100,0,0
Amarante,220050,PI,Nordeste,FIOCRUZ/ASTRAZENECA,7557,6453,1104
Amarante,220050,PI,Nordeste,BUTANTAN/SINOVAC,4976,2503,2473
Amarante,220050,PI,Nordeste,PFIZER/BIONTECH,1113,1105,8
Amarante,220050,PI,Nordeste,JANSSEN,293,0,0
Angical Do Piauí,220060,PI,Nordeste,FIOCRUZ/ASTRAZENECA,2639,2031,608
Angical Do Piauí,220060,PI,Nordeste,BUTANTAN/SINOVAC,1648,899,749
Angical Do Piauí,220060,PI,Nordeste,PFIZER/BIONTECH,384,384,0
Angical Do Piauí,220060,PI,Nordeste,JANSSEN,97,0,0
Anísio De Abreu,220070,PI,Nordeste,FIOCRUZ/ASTRAZENECA,2807,2127,680
Anísio De Abreu,220070,PI,Nordeste,BUTANTAN/SINOVAC,1588,815,773
Anísio De Abreu,220070,PI,Nordeste,PFIZER/BIONTECH,438,438,0
Anísio De Abreu,220070,PI,Nordeste,JANSSEN,140,0,0
Antônio Almeida,220080,PI,Nordeste,FIOCRUZ/ASTRAZENECA,1347,971,376
Antônio Almeida,220080,PI,Nordeste,BUTANTAN/SINOVAC,595,338,257
Antônio Almeida,220080,PI,Nordeste,PFIZER/BIONTECH,184,184,0
Antônio Almeida,220080,PI,Nordeste,JANSSEN,59,0,0
Aroazes,220090,PI,Nordeste,FIOCRUZ/ASTRAZENECA,2049,1516,533
Aroazes,220090,PI,Nordeste,BUTANTAN/SINOVAC,1678,860,818
Aroazes,220090,PI,Nordeste,PFIZER/BIONTECH,294,294,0
Aroazes,220090,PI,Nordeste,JANSSEN,90,0,0
Aroeiras Do Itaim,220095,PI,Nordeste,FIOCRUZ/ASTRAZENECA,898,637,261
Aroeiras Do Itaim,220095,PI,Nordeste,BUTANTAN/SINOVAC,640,337,303
Aroeiras Do Itaim,220095,PI,Nordeste,JANSSEN,36,0,0
Aroeiras Do Itaim,220095,PI,Nordeste,PFIZER/BIONTECH,25,25,0
Arraial,220100,PI,Nordeste,FIOCRUZ/ASTRAZENECA,1741,1219,522
Arraial,220100,PI,Nordeste,BUTANTAN/SINOVAC,1007,515,492
Arraial,220100,PI,Nordeste,PFIZER/BIONTECH,235,235,0
Arraial,220100,PI,Nordeste,JANSSEN,65,0,0
Assunção Do Piauí,220105,PI,Nordeste,FIOCRUZ/ASTRAZENECA,2656,1878,778
Assunção Do Piauí,220105,PI,Nordeste,BUTANTAN/SINOVAC,1442,746,696
Assunção Do Piauí,220105,PI,Nordeste,PFIZER/BIONTECH,399,399,0
Assunção Do Piauí,220105,PI,Nordeste,JANSSEN,134,0,0
Avelino Lopes,220110,PI,Nordeste,FIOCRUZ/ASTRAZENECA,3332,2936,396
Avelino Lopes,220110,PI,Nordeste,BUTANTAN/SINOVAC,2307,1263,1044
Avelino Lopes,220110,PI,Nordeste,PFIZER/BIONTECH,569,569,0
Avelino Lopes,220110,PI,Nordeste,JANSSEN,197,0,0
Baixa Grande Do Ribeiro,220115,PI,Nordeste,FIOCRUZ/ASTRAZENECA,3446,3036,410
Baixa Grande Do Ribeiro,220115,PI,Nordeste,BUTANTAN/SINOVAC,1553,976,577
Baixa Grande Do Ribeiro,220115,PI,Nordeste,PFIZER/BIONTECH,661,643,18
Baixa Grande Do Ribeiro,220115,PI,Nordeste,JANSSEN,213,0,0
Barra D'Alcântara,220117,PI,Nordeste,FIOCRUZ/ASTRAZENECA,1205,965,240
Barra D'Alcântara,220117,PI,Nordeste,BUTANTAN/SINOVAC,908,475,433
Barra D'Alcântara,220117,PI,Nordeste,PFIZER/BIONTECH,241,241,0
Barra D'Alcântara,220117,PI,Nordeste,JANSSEN,70,0,0
Barras,220120,PI,Nordeste,FIOCRUZ/ASTRAZENECA,11557,9601,1956
Barras,220120,PI,Nordeste,BUTANTAN/SINOVAC,7581,4158,3423
Barras,220120,PI,Nordeste,PFIZER/BIONTECH,1939,1938,1
Barras,220120,PI,Nordeste,JANSSEN,557,0,0
Barreiras Do Piauí,220130,PI,Nordeste,FIOCRUZ/ASTRAZENECA,815,684,131
Barreiras Do Piauí,220130,PI,Nordeste,BUTANTAN/SINOVAC,550,304,246
Barreiras Do Piauí,220130,PI,Nordeste,PFIZER/BIONTECH,214,214,0
Barreiras Do Piauí,220130,PI,Nordeste,JANSSEN,64,0,0
Barro Duro,220140,PI,Nordeste,FIOCRUZ/ASTRAZENECA,2043,1501,542
Barro Duro,220140,PI,Nordeste,BUTANTAN/SINOVAC,1451,851,600
Barro Duro,220140,PI,Nordeste,PFIZER/BIONTECH,346,345,1
Barro Duro,220140,PI,Nordeste,JANSSEN,113,0,0
Batalha,220150,PI,Nordeste,FIOCRUZ/ASTRAZENECA,6396,5269,1127
Batalha,220150,PI,Nordeste,BUTANTAN/SINOVAC,3781,2181,1600
Batalha,220150,PI,Nordeste,PFIZER/BIONTECH,968,967,1
Batalha,220150,PI,Nordeste,JANSSEN,327,0,0
Bela Vista Do Piauí,220155,PI,Nordeste,FIOCRUZ/ASTRAZENECA,1390,1134,256
Bela Vista Do Piauí,220155,PI,Nordeste,BUTANTAN/SINOVAC,666,380,286
Bela Vista Do Piauí,220155,PI,Nordeste,PFIZER/BIONTECH,260,260,0
Bela Vista Do Piauí,220155,PI,Nordeste,JANSSEN,70,0,0
Belém Do Piauí,220157,PI,Nordeste,FIOCRUZ/ASTRAZENECA,958,762,196
Belém Do Piauí,220157,PI,Nordeste,BUTANTAN/SINOVAC,892,480,412
Belém Do Piauí,220157,PI,Nordeste,PFIZER/BIONTECH,209,209,0
Belém Do Piauí,220157,PI,Nordeste,JANSSEN,71,0,0
Beneditinos,220160,PI,Nordeste,FIOCRUZ/ASTRAZENECA,3083,2248,835
Beneditinos,220160,PI,Nordeste,BUTANTAN/SINOVAC,2147,1123,1024
Beneditinos,220160,PI,Nordeste,PFIZER/BIONTECH,494,494,0
Beneditinos,220160,PI,Nordeste,JANSSEN,135,0,0
Bertolínia,220170,PI,Nordeste,FIOCRUZ/ASTRAZENECA,1911,1458,453
Bertolínia,220170,PI,Nordeste,BUTANTAN/SINOVAC,1094,594,500
Bertolínia,220170,PI,Nordeste,PFIZER/BIONTECH,358,358,0
Bertolínia,220170,PI,Nordeste,JANSSEN,99,0,0
Betânia Do Piauí,220173,PI,Nordeste,FIOCRUZ/ASTRAZENECA,2322,1802,520
Betânia Do Piauí,220173,PI,Nordeste,BUTANTAN/SINOVAC,1012,522,490
Betânia Do Piauí,220173,PI,Nordeste,PFIZER/BIONTECH,350,350,0
Betânia Do Piauí,220173,PI,Nordeste,JANSSEN,111,0,0
Boa Hora,220177,PI,Nordeste,FIOCRUZ/ASTRAZENECA,1446,1367,79
Boa Hora,220177,PI,Nordeste,BUTANTAN/SINOVAC,1161,613,548
Boa Hora,220177,PI,Nordeste,PFIZER/BIONTECH,268,268,0
Boa Hora,220177,PI,Nordeste,JANSSEN,49,0,0
Bocaina,220180,PI,Nordeste,FIOCRUZ/ASTRAZENECA,1814,1218,596
Bocaina,220180,PI,Nordeste,BUTANTAN/SINOVAC,1189,617,572
Bocaina,220180,PI,Nordeste,PFIZER/BIONTECH,213,213,0
Bocaina,220180,PI,Nordeste,JANSSEN,51,0,0
Bom Jesus,220190,PI,Nordeste,FIOCRUZ/ASTRAZENECA,8488,7444,1044
Bom Jesus,220190,PI,Nordeste,BUTANTAN/SINOVAC,3639,1918,1721
Bom Jesus,220190,PI,Nordeste,PFIZER/BIONTECH,1764,1751,13
Bom Jesus,220190,PI,Nordeste,JANSSEN,498,0,0
Bom Princípio Do Piauí,220191,PI,Nordeste,FIOCRUZ/ASTRAZENECA,1410,1121,289
Bom Princípio Do Piauí,220191,PI,Nordeste,BUTANTAN/SINOVAC,1386,827,559
Bom Princípio Do Piauí,220191,PI,Nordeste,PFIZER/BIONTECH,222,222,0
Bom Princípio Do Piauí,220191,PI,Nordeste,JANSSEN,69,0,0
Bonfim Do Piauí,220192,PI,Nordeste,FIOCRUZ/ASTRAZENECA,1597,1175,422
Bonfim Do Piauí,220192,PI,Nordeste,BUTANTAN/SINOVAC,1147,596,551
Bonfim Do Piauí,220192,PI,Nordeste,PFIZER/BIONTECH,260,260,0
Bonfim Do Piauí,220192,PI,Nordeste,JANSSEN,80,0,0
Boqueirão Do Piauí,220194,PI,Nordeste,BUTANTAN/SINOVAC,1544,855,689
Boqueirão Do Piauí,220194,PI,Nordeste,FIOCRUZ/ASTRAZENECA,1435,1148,287
Boqueirão Do Piauí,220194,PI,Nordeste,PFIZER/BIONTECH,347,347,0
Boqueirão Do Piauí,220194,PI,Nordeste,JANSSEN,110,0,0
Brasileira,220196,PI,Nordeste,FIOCRUZ/ASTRAZENECA,2306,2009,297
Brasileira,220196,PI,Nordeste,BUTANTAN/SINOVAC,1566,872,694
Brasileira,220196,PI,Nordeste,PFIZER/BIONTECH,524,524,0
Brasileira,220196,PI,Nordeste,JANSSEN,165,0,0
Brejo Do Piauí,220198,PI,Nordeste,FIOCRUZ/ASTRAZENECA,944,752,192
Brejo Do Piauí,220198,PI,Nordeste,BUTANTAN/SINOVAC,768,405,363
Brejo Do Piauí,220198,PI,Nordeste,PFIZER/BIONTECH,168,167,1
Brejo Do Piauí,220198,PI,Nordeste,JANSSEN,52,0,0
Buriti Dos Lopes,220200,PI,Nordeste,FIOCRUZ/ASTRAZENECA,5657,5123,534
Buriti Dos Lopes,220200,PI,Nordeste,BUTANTAN/SINOVAC,4383,2336,2047
Buriti Dos Lopes,220200,PI,Nordeste,PFIZER/BIONTECH,270,270,0
Buriti Dos Lopes,220200,PI,Nordeste,JANSSEN,197,0,0
Buriti Dos Montes,220202,PI,Nordeste,FIOCRUZ/ASTRAZENECA,2024,1785,239
Buriti Dos Montes,220202,PI,Nordeste,BUTANTAN/SINOVAC,1563,844,719
Buriti Dos Montes,220202,PI,Nordeste,PFIZER/BIONTECH,528,528,0
Buriti Dos Montes,220202,PI,Nordeste,JANSSEN,115,0,0
Cabeceiras Do Piauí,220205,PI,Nordeste,FIOCRUZ/ASTRAZENECA,3357,2850,507
Cabeceiras Do Piauí,220205,PI,Nordeste,BUTANTAN/SINOVAC,1593,823,770
Cabeceiras Do Piauí,220205,PI,Nordeste,PFIZER/BIONTECH,366,366,0
Cabeceiras Do Piauí,220205,PI,Nordeste,JANSSEN,185,0,0
Cajazeiras Do Piauí,220207,PI,Nordeste,FIOCRUZ/ASTRAZENECA,1128,971,157
Cajazeiras Do Piauí,220207,PI,Nordeste,BUTANTAN/SINOVAC,811,453,358
Cajazeiras Do Piauí,220207,PI,Nordeste,PFIZER/BIONTECH,168,168,0
Cajazeiras Do Piauí,220207,PI,Nordeste,JANSSEN,61,0,0
Cajueiro Da Praia,220208,PI,Nordeste,FIOCRUZ/ASTRAZENECA,1419,1188,231
Cajueiro Da Praia,220208,PI,Nordeste,BUTANTAN/SINOVAC,1042,606,436
Cajueiro Da Praia,220208,PI,Nordeste,PFIZER/BIONTECH,164,164,0
Cajueiro Da Praia,220208,PI,Nordeste,JANSSEN,68,0,0
Caldeirão Grande Do Piauí,220209,PI,Nordeste,FIOCRUZ/ASTRAZENECA,1470,1224,246
Caldeirão Grande Do Piauí,220209,PI,Nordeste,BUTANTAN/SINOVAC,1118,591,527
Caldeirão Grande Do Piauí,220209,PI,Nordeste,PFIZER/BIONTECH,371,371,0
Caldeirão Grande Do Piauí,220209,PI,Nordeste,JANSSEN,111,0,0
Campinas Do Piauí,220210,PI,Nordeste,FIOCRUZ/ASTRAZENECA,3470,2530,940
Campinas Do Piauí,220210,PI,Nordeste,BUTANTAN/SINOVAC,984,543,441
Campinas Do Piauí,220210,PI,Nordeste,PFIZER/BIONTECH,233,233,0
Campinas Do Piauí,220210,PI,Nordeste,JANSSEN,98,0,0
Campo Alegre Do Fidalgo,220211,PI,Nordeste,FIOCRUZ/ASTRAZENECA,1907,1471,436
Campo Alegre Do Fidalgo,220211,PI,Nordeste,BUTANTAN/SINOVAC,913,486,427
Campo Alegre Do Fidalgo,220211,PI,Nordeste,PFIZER/BIONTECH,247,245,2
Campo Alegre Do Fidalgo,220211,PI,Nordeste,JANSSEN,74,0,0
Campo Grande Do Piauí,220213,PI,Nordeste,FIOCRUZ/ASTRAZENECA,1700,1457,243
Campo Grande Do Piauí,220213,PI,Nordeste,BUTANTAN/SINOVAC,1034,561,473
Campo Grande Do Piauí,220213,PI,Nordeste,PFIZER/BIONTECH,276,276,0
Campo Grande Do Piauí,220213,PI,Nordeste,JANSSEN,80,0,0
Campo Largo Do Piauí,220217,PI,Nordeste,FIOCRUZ/ASTRAZENECA,3160,2520,640
Campo Largo Do Piauí,220217,PI,Nordeste,BUTANTAN/SINOVAC,1265,693,572
Campo Largo Do Piauí,220217,PI,Nordeste,PFIZER/BIONTECH,285,285,0
Campo Largo Do Piauí,220217,PI,Nordeste,JANSSEN,100,0,0
Campo Maior,220220,PI,Nordeste,FIOCRUZ/ASTRAZENECA,14481,11623,2858
Campo Maior,220220,PI,Nordeste,BUTANTAN/SINOVAC,10527,5657,4870
Campo Maior,220220,PI,Nordeste,PFIZER/BIONTECH,2668,2666,2
Campo Maior,220220,PI,Nordeste,JANSSEN,587,0,0
Canavieira,220225,PI,Nordeste,FIOCRUZ/ASTRAZENECA,912,692,220
Canavieira,220225,PI,Nordeste,BUTANTAN/SINOVAC,883,467,416
Canavieira,220225,PI,Nordeste,PFIZER/BIONTECH,82,82,0
Canavieira,220225,PI,Nordeste,JANSSEN,57,0,0
Canto Do Buriti,220230,PI,Nordeste,FIOCRUZ/ASTRAZENECA,5289,4202,1087
Canto Do Buriti,220230,PI,Nordeste,BUTANTAN/SINOVAC,4070,2259,1811
Canto Do Buriti,220230,PI,Nordeste,PFIZER/BIONTECH,480,479,1
Canto Do Buriti,220230,PI,Nordeste,JANSSEN,95,0,0
Capitão De Campos,220240,PI,Nordeste,FIOCRUZ/ASTRAZENECA,3896,3028,868
Capitão De Campos,220240,PI,Nordeste,BUTANTAN/SINOVAC,2294,1193,1101
Capitão De Campos,220240,PI,Nordeste,PFIZER/BIONTECH,579,579,0
Capitão De Campos,220240,PI,Nordeste,JANSSEN,205,0,0
Capitão Gervásio Oliveira,220245,PI,Nordeste,FIOCRUZ/ASTRAZENECA,1438,1223,215
Capitão Gervásio Oliveira,220245,PI,Nordeste,BUTANTAN/SINOVAC,777,397,380
Capitão Gervásio Oliveira,220245,PI,Nordeste,PFIZER/BIONTECH,195,195,0
Capitão Gervásio Oliveira,220245,PI,Nordeste,JANSSEN,63,0,0
Caracol,220250,PI,Nordeste,FIOCRUZ/ASTRAZENECA,3363,2632,731
Caracol,220250,PI,Nordeste,BUTANTAN/SINOVAC,1690,880,810
Caracol,220250,PI,Nordeste,PFIZER/BIONTECH,472,472,0
Caracol,220250,PI,Nordeste,JANSSEN,136,0,0
Caraúbas Do Piauí,220253,PI,Nordeste,FIOCRUZ/ASTRAZENECA,1322,1176,146
Caraúbas Do Piauí,220253,PI,Nordeste,BUTANTAN/SINOVAC,972,596,376
Caraúbas Do Piauí,220253,PI,Nordeste,PFIZER/BIONTECH,294,294,0
Caraúbas Do Piauí,220253,PI,Nordeste,JANSSEN,85,0,0
Caridade Do Piauí,220255,PI,Nordeste,FIOCRUZ/ASTRAZENECA,1776,1245,531
Caridade Do Piauí,220255,PI,Nordeste,BUTANTAN/SINOVAC,771,424,347
Caridade Do Piauí,220255,PI,Nordeste,PFIZER/BIONTECH,243,243,0
Caridade Do Piauí,220255,PI,Nordeste,JANSSEN,95,0,0
Castelo Do Piauí,220260,PI,Nordeste,FIOCRUZ/ASTRAZENECA,6132,4247,1885
Castelo Do Piauí,220260,PI,Nordeste,BUTANTAN/SINOVAC,4026,2115,1911
Castelo Do Piauí,220260,PI,Nordeste,PFIZER/BIONTECH,1123,1123,0
Castelo Do Piauí,220260,PI,Nordeste,JANSSEN,335,0,0
Caxingó,220265,PI,Nordeste,FIOCRUZ/ASTRAZENECA,1190,971,219
Caxingó,220265,PI,Nordeste,BUTANTAN/SINOVAC,699,404,295
Caxingó,220265,PI,Nordeste,PFIZER/BIONTECH,212,207,5
Caxingó,220265,PI,Nordeste,JANSSEN,81,0,0
Cocal,220270,PI,Nordeste,FIOCRUZ/ASTRAZENECA,5727,5263,464
Cocal,220270,PI,Nordeste,BUTANTAN/SINOVAC,4366,2423,1943
Cocal,220270,PI,Nordeste,PFIZER/BIONTECH,1134,1134,0
Cocal,220270,PI,Nordeste,JANSSEN,359,0,0
Cocal De Telha,220271,PI,Nordeste,FIOCRUZ/ASTRAZENECA,1333,1098,235
Cocal De Telha,220271,PI,Nordeste,BUTANTAN/SINOVAC,1204,663,541
Cocal De Telha,220271,PI,Nordeste,PFIZER/BIONTECH,266,266,0
Cocal De Telha,220271,PI,Nordeste,JANSSEN,96,0,0
Cocal Dos Alves,220272,PI,Nordeste,FIOCRUZ/ASTRAZENECA,2126,1575,551
Cocal Dos Alves,220272,PI,Nordeste,BUTANTAN/SINOVAC,1194,628,566
Cocal Dos Alves,220272,PI,Nordeste,PFIZER/BIONTECH,303,302,1
Cocal Dos Alves,220272,PI,Nordeste,JANSSEN,90,0,0
Coivaras,220273,PI,Nordeste,FIOCRUZ/ASTRAZENECA,1031,976,55
Coivaras,220273,PI,Nordeste,BUTANTAN/SINOVAC,1030,551,479
Coivaras,220273,PI,Nordeste,PFIZER/BIONTECH,223,223,0
Coivaras,220273,PI,Nordeste,JANSSEN,50,0,0
Colônia Do Gurguéia,220275,PI,Nordeste,FIOCRUZ/ASTRAZENECA,1855,1528,327
Colônia Do Gurguéia,220275,PI,Nordeste,BUTANTAN/SINOVAC,1159,608,551
Colônia Do Gurguéia,220275,PI,Nordeste,PFIZER/BIONTECH,277,277,0
Colônia Do Gurguéia,220275,PI,Nordeste,JANSSEN,82,0,0
Colônia Do Piauí,220277,PI,Nordeste,FIOCRUZ/ASTRAZENECA,3296,2647,649
Colônia Do Piauí,220277,PI,Nordeste,BUTANTAN/SINOVAC,1711,865,846
Colônia Do Piauí,220277,PI,Nordeste,PFIZER/BIONTECH,338,338,0
Colônia Do Piauí,220277,PI,Nordeste,JANSSEN,84,0,0
Conceição Do Canindé,220280,PI,Nordeste,FIOCRUZ/ASTRAZENECA,1511,1029,482
Conceição Do Canindé,220280,PI,Nordeste,BUTANTAN/SINOVAC,1066,557,509
Conceição Do Canindé,220280,PI,Nordeste,PFIZER/BIONTECH,267,267,0
Conceição Do Canindé,220280,PI,Nordeste,JANSSEN,84,0,0
Coronel José Dias,220285,PI,Nordeste,FIOCRUZ/ASTRAZENECA,1314,893,421
Coronel José Dias,220285,PI,Nordeste,BUTANTAN/SINOVAC,862,464,398
Coronel José Dias,220285,PI,Nordeste,PFIZER/BIONTECH,229,229,0
Coronel José Dias,220285,PI,Nordeste,JANSSEN,71,0,0
Corrente,220290,PI,Nordeste,FIOCRUZ/ASTRAZENECA,7352,6545,807
Corrente,220290,PI,Nordeste,BUTANTAN/SINOVAC,4181,2398,1783
Corrente,220290,PI,Nordeste,PFIZER/BIONTECH,1651,1650,1
Corrente,220290,PI,Nordeste,JANSSEN,489,0,0
Cristalândia Do Piauí,220300,PI,Nordeste,FIOCRUZ/ASTRAZENECA,2584,2379,205
Cristalândia Do Piauí,220300,PI,Nordeste,BUTANTAN/SINOVAC,1600,864,736
Cristalândia Do Piauí,220300,PI,Nordeste,PFIZER/BIONTECH,426,426,0
Cristalândia Do Piauí,220300,PI,Nordeste,JANSSEN,125,0,0
Cristino Castro,220310,PI,Nordeste,FIOCRUZ/ASTRAZENECA,3139,2577,562
Cristino Castro,220310,PI,Nordeste,BUTANTAN/SINOVAC,1669,898,771
Cristino Castro,220310,PI,Nordeste,PFIZER/BIONTECH,636,636,0
Cristino Castro,220310,PI,Nordeste,JANSSEN,180,0,0
Curimatá,220320,PI,Nordeste,FIOCRUZ/ASTRAZENECA,4014,3130,884
Curimatá,220320,PI,Nordeste,BUTANTAN/SINOVAC,2127,1151,976
Curimatá,220320,PI,Nordeste,PFIZER/BIONTECH,639,639,0
Curimatá,220320,PI,Nordeste,JANSSEN,190,0,0
Currais,220323,PI,Nordeste,FIOCRUZ/ASTRAZENECA,2267,1879,388
Currais,220323,PI,Nordeste,BUTANTAN/SINOVAC,825,437,388
Currais,220323,PI,Nordeste,PFIZER/BIONTECH,240,237,3
Currais,220323,PI,Nordeste,JANSSEN,48,0,0
Curral Novo Do Piauí,220327,PI,Nordeste,FIOCRUZ/ASTRAZENECA,1094,823,271
Curral Novo Do Piauí,220327,PI,Nordeste,BUTANTAN/SINOVAC,736,410,326
Curral Novo Do Piauí,220327,PI,Nordeste,PFIZER/BIONTECH,268,268,0
Curral Novo Do Piauí,220327,PI,Nordeste,JANSSEN,88,0,0
Curralinhos,220325,PI,Nordeste,BUTANTAN/SINOVAC,1146,622,524
Curralinhos,220325,PI,Nordeste,FIOCRUZ/ASTRAZENECA,1141,1093,48
Curralinhos,220325,PI,Nordeste,PFIZER/BIONTECH,261,261,0
Curralinhos,220325,PI,Nordeste,JANSSEN,59,0,0
Demerval Lobão,220330,PI,Nordeste,FIOCRUZ/ASTRAZENECA,3377,3056,321
Demerval Lobão,220330,PI,Nordeste,BUTANTAN/SINOVAC,2674,1529,1145
Demerval Lobão,220330,PI,Nordeste,PFIZER/BIONTECH,599,599,0
Demerval Lobão,220330,PI,Nordeste,JANSSEN,180,0,0
Dirceu Arcoverde,220335,PI,Nordeste,FIOCRUZ/ASTRAZENECA,2105,1740,365
Dirceu Arcoverde,220335,PI,Nordeste,BUTANTAN/SINOVAC,1464,757,707
Dirceu Arcoverde,220335,PI,Nordeste,PFIZER/BIONTECH,324,324,0
Dirceu Arcoverde,220335,PI,Nordeste,JANSSEN,95,0,0
Dom Expedito Lopes,220340,PI,Nordeste,FIOCRUZ/ASTRAZENECA,2554,1772,782
Dom Expedito Lopes,220340,PI,Nordeste,BUTANTAN/SINOVAC,1319,715,604
Dom Expedito Lopes,220340,PI,Nordeste,JANSSEN,90,0,0
Dom Inocêncio,220345,PI,Nordeste,FIOCRUZ/ASTRAZENECA,4821,4175,646
Dom Inocêncio,220345,PI,Nordeste,BUTANTAN/SINOVAC,1825,965,860
Dom Inocêncio,220345,PI,Nordeste,PFIZER/BIONTECH,418,418,0
Dom Inocêncio,220345,PI,Nordeste,JANSSEN,143,0,0
Domingos Mourão,220342,PI,Nordeste,FIOCRUZ/ASTRAZENECA,1118,906,212
Domingos Mourão,220342,PI,Nordeste,BUTANTAN/SINOVAC,925,489,436
Domingos Mourão,220342,PI,Nordeste,PFIZER/BIONTECH,250,250,0
Domingos Mourão,220342,PI,Nordeste,JANSSEN,80,0,0
Elesbão Veloso,220350,PI,Nordeste,FIOCRUZ/ASTRAZENECA,4404,3944,460
Elesbão Veloso,220350,PI,Nordeste,BUTANTAN/SINOVAC,3131,1712,1419
Elesbão Veloso,220350,PI,Nordeste,PFIZER/BIONTECH,739,739,0
Elesbão Veloso,220350,PI,Nordeste,JANSSEN,230,0,0
Eliseu Martins,220360,PI,Nordeste,FIOCRUZ/ASTRAZENECA,1451,1080,371
Eliseu Martins,220360,PI,Nordeste,BUTANTAN/SINOVAC,1061,573,488
Eliseu Martins,220360,PI,Nordeste,PFIZER/BIONTECH,223,222,1
Eliseu Martins,220360,PI,Nordeste,JANSSEN,64,0,0
Esperantina,220370,PI,Nordeste,FIOCRUZ/ASTRAZENECA,12013,10658,1355
Esperantina,220370,PI,Nordeste,BUTANTAN/SINOVAC,7524,3972,3552
Esperantina,220370,PI,Nordeste,PFIZER/BIONTECH,1172,1172,0
Esperantina,220370,PI,Nordeste,JANSSEN,482,0,0
Fartura Do Piauí,220375,PI,Nordeste,FIOCRUZ/ASTRAZENECA,3273,2375,898
Fartura Do Piauí,220375,PI,Nordeste,BUTANTAN/SINOVAC,1146,618,528
Fartura Do Piauí,220375,PI,Nordeste,PFIZER/BIONTECH,234,234,0
Fartura Do Piauí,220375,PI,Nordeste,JANSSEN,69,0,0
Flores Do Piauí,220380,PI,Nordeste,FIOCRUZ/ASTRAZENECA,1313,1051,262
Flores Do Piauí,220380,PI,Nordeste,BUTANTAN/SINOVAC,837,439,398
Flores Do Piauí,220380,PI,Nordeste,PFIZER/BIONTECH,164,164,0
Flores Do Piauí,220380,PI,Nordeste,JANSSEN,5,0,0
Floresta Do Piauí,220385,PI,Nordeste,BUTANTAN/SINOVAC,918,545,373
Floresta Do Piauí,220385,PI,Nordeste,FIOCRUZ/ASTRAZENECA,866,656,210
Floresta Do Piauí,220385,PI,Nordeste,PFIZER/BIONTECH,150,150,0
Floresta Do Piauí,220385,PI,Nordeste,JANSSEN,44,0,0
Floriano,220390,PI,Nordeste,FIOCRUZ/ASTRAZENECA,20368,16339,4029
Floriano,220390,PI,Nordeste,BUTANTAN/SINOVAC,13487,7327,6160
Floriano,220390,PI,Nordeste,PFIZER/BIONTECH,3271,3269,2
Floriano,220390,PI,Nordeste,JANSSEN,698,0,0
Francinópolis,220400,PI,Nordeste,FIOCRUZ/ASTRAZENECA,1571,1304,267
Francinópolis,220400,PI,Nordeste,BUTANTAN/SINOVAC,1203,631,572
Francinópolis,220400,PI,Nordeste,PFIZER/BIONTECH,273,273,0
Francinópolis,220400,PI,Nordeste,JANSSEN,88,0,0
Francisco Ayres,220410,PI,Nordeste,FIOCRUZ/ASTRAZENECA,1889,1334,555
Francisco Ayres,220410,PI,Nordeste,BUTANTAN/SINOVAC,1245,644,601
Francisco Ayres,220410,PI,Nordeste,PFIZER/BIONTECH,200,199,1
Francisco Ayres,220410,PI,Nordeste,JANSSEN,38,0,0
Francisco Macedo,220415,PI,Nordeste,FIOCRUZ/ASTRAZENECA,798,695,103
Francisco Macedo,220415,PI,Nordeste,BUTANTAN/SINOVAC,633,346,287
Francisco Macedo,220415,PI,Nordeste,PFIZER/BIONTECH,201,201,0
Francisco Macedo,220415,PI,Nordeste,JANSSEN,54,0,0
Francisco Santos,220420,PI,Nordeste,FIOCRUZ/ASTRAZENECA,2855,1990,865
Francisco Santos,220420,PI,Nordeste,BUTANTAN/SINOVAC,1662,859,803
Francisco Santos,220420,PI,Nordeste,PFIZER/BIONTECH,432,432,0
Francisco Santos,220420,PI,Nordeste,JANSSEN,127,0,0
Fronteiras,220430,PI,Nordeste,FIOCRUZ/ASTRAZENECA,4095,3300,795
Fronteiras,220430,PI,Nordeste,BUTANTAN/SINOVAC,2522,1312,1210
Fronteiras,220430,PI,Nordeste,PFIZER/BIONTECH,678,678,0
Fronteiras,220430,PI,Nordeste,JANSSEN,254,0,0
Geminiano,220435,PI,Nordeste,FIOCRUZ/ASTRAZENECA,1595,1197,398
Geminiano,220435,PI,Nordeste,BUTANTAN/SINOVAC,960,503,457
Geminiano,220435,PI,Nordeste,JANSSEN,79,0,0
Geminiano,220435,PI,Nordeste,PFIZER/BIONTECH,75,75,0
Gilbués,220440,PI,Nordeste,FIOCRUZ/ASTRAZENECA,3407,2690,717
Gilbués,220440,PI,Nordeste,BUTANTAN/SINOVAC,1929,1050,879
Gilbués,220440,PI,Nordeste,PFIZER/BIONTECH,595,595,0
Gilbués,220440,PI,Nordeste,JANSSEN,192,0,0
Guadalupe,220450,PI,Nordeste,FIOCRUZ/ASTRAZENECA,3224,2313,911
Guadalupe,220450,PI,Nordeste,BUTANTAN/SINOVAC,1842,1012,830
Guadalupe,220450,PI,Nordeste,PFIZER/BIONTECH,481,481,0
Guadalupe,220450,PI,Nordeste,JANSSEN,154,0,0
Guaribas,220455,PI,Nordeste,FIOCRUZ/ASTRAZENECA,1241,1015,226
Guaribas,220455,PI,Nordeste,BUTANTAN/SINOVAC,638,347,291
Guaribas,220455,PI,Nordeste,PFIZER/BIONTECH,230,230,0
Guaribas,220455,PI,Nordeste,JANSSEN,65,0,0
Hugo Napoleão,220460,PI,Nordeste,BUTANTAN/SINOVAC,1323,734,589
Hugo Napoleão,220460,PI,Nordeste,FIOCRUZ/ASTRAZENECA,1133,899,234
Hugo Napoleão,220460,PI,Nordeste,PFIZER/BIONTECH,192,192,0
Hugo Napoleão,220460,PI,Nordeste,JANSSEN,70,0,0
Ilha Grande,220465,PI,Nordeste,FIOCRUZ/ASTRAZENECA,2469,2033,436
Ilha Grande,220465,PI,Nordeste,BUTANTAN/SINOVAC,1555,827,728
Ilha Grande,220465,PI,Nordeste,PFIZER/BIONTECH,452,452,0
Ilha Grande,220465,PI,Nordeste,JANSSEN,147,0,0
Inhuma,220470,PI,Nordeste,FIOCRUZ/ASTRAZENECA,4634,3591,1043
Inhuma,220470,PI,Nordeste,BUTANTAN/SINOVAC,2920,1581,1339
Inhuma,220470,PI,Nordeste,PFIZER/BIONTECH,847,847,0
Inhuma,220470,PI,Nordeste,JANSSEN,255,0,0
Ipiranga Do Piauí,220480,PI,Nordeste,FIOCRUZ/ASTRAZENECA,3398,2421,977
Ipiranga Do Piauí,220480,PI,Nordeste,BUTANTAN/SINOVAC,1850,966,884
Ipiranga Do Piauí,220480,PI,Nordeste,PFIZER/BIONTECH,443,443,0
Ipiranga Do Piauí,220480,PI,Nordeste,JANSSEN,123,0,0
Isaías Coelho,220490,PI,Nordeste,FIOCRUZ/ASTRAZENECA,3921,2691,1230
Isaías Coelho,220490,PI,Nordeste,BUTANTAN/SINOVAC,1498,759,739
Isaías Coelho,220490,PI,Nordeste,PFIZER/BIONTECH,308,308,0
Isaías Coelho,220490,PI,Nordeste,JANSSEN,150,0,0
Itainópolis,220500,PI,Nordeste,FIOCRUZ/ASTRAZENECA,3441,2825,616
Itainópolis,220500,PI,Nordeste,BUTANTAN/SINOVAC,2501,1322,1179
Itainópolis,220500,PI,Nordeste,PFIZER/BIONTECH,223,223,0
Itainópolis,220500,PI,Nordeste,JANSSEN,133,0,0
Itaueira,220510,PI,Nordeste,FIOCRUZ/ASTRAZENECA,3132,2459,673
Itaueira,220510,PI,Nordeste,BUTANTAN/SINOVAC,2228,1153,1075
Itaueira,220510,PI,Nordeste,PFIZER/BIONTECH,475,475,0
Itaueira,220510,PI,Nordeste,JANSSEN,131,0,0
Jacobina Do Piauí,220515,PI,Nordeste,FIOCRUZ/ASTRAZENECA,2619,1842,777
Jacobina Do Piauí,220515,PI,Nordeste,BUTANTAN/SINOVAC,1146,604,542
Jacobina Do Piauí,220515,PI,Nordeste,PFIZER/BIONTECH,385,385,0
Jacobina Do Piauí,220515,PI,Nordeste,JANSSEN,116,0,0
Jaicós,220520,PI,Nordeste,FIOCRUZ/ASTRAZENECA,5477,4623,854
Jaicós,220520,PI,Nordeste,BUTANTAN/SINOVAC,3958,2110,1848
Jaicós,220520,PI,Nordeste,PFIZER/BIONTECH,1704,1704,0
Jaicós,220520,PI,Nordeste,JANSSEN,253,0,0
Jardim Do Mulato,220525,PI,Nordeste,BUTANTAN/SINOVAC,1688,866,822
Jardim Do Mulato,220525,PI,Nordeste,FIOCRUZ/ASTRAZENECA,861,775,86
Jardim Do Mulato,220525,PI,Nordeste,PFIZER/BIONTECH,242,242,0
Jardim Do Mulato,220525,PI,Nordeste,JANSSEN,79,0,0
Jatobá Do Piauí,220527,PI,Nordeste,FIOCRUZ/ASTRAZENECA,1580,1394,186
Jatobá Do Piauí,220527,PI,Nordeste,BUTANTAN/SINOVAC,1249,658,591
Jatobá Do Piauí,220527,PI,Nordeste,PFIZER/BIONTECH,272,272,0
Jatobá Do Piauí,220527,PI,Nordeste,JANSSEN,85,0,0
Jerumenha,220530,PI,Nordeste,FIOCRUZ/ASTRAZENECA,1765,1390,375
Jerumenha,220530,PI,Nordeste,BUTANTAN/SINOVAC,1046,575,471
Jerumenha,220530,PI,Nordeste,PFIZER/BIONTECH,190,190,0
Jerumenha,220530,PI,Nordeste,JANSSEN,56,0,0
João Costa,220535,PI,Nordeste,FIOCRUZ/ASTRAZENECA,1303,927,376
João Costa,220535,PI,Nordeste,BUTANTAN/SINOVAC,593,325,268
João Costa,220535,PI,Nordeste,PFIZER/BIONTECH,139,139,0
João Costa,220535,PI,Nordeste,JANSSEN,38,0,0
Joaquim Pires,220540,PI,Nordeste,FIOCRUZ/ASTRAZENECA,3636,2900,736
Joaquim Pires,220540,PI,Nordeste,BUTANTAN/SINOVAC,2210,1182,1028
Joaquim Pires,220540,PI,Nordeste,PFIZER/BIONTECH,634,634,0
Joaquim Pires,220540,PI,Nordeste,JANSSEN,217,0,0
Joca Marques,220545,PI,Nordeste,FIOCRUZ/ASTRAZENECA,1563,1531,32
Joca Marques,220545,PI,Nordeste,BUTANTAN/SINOVAC,787,448,339
Joca Marques,220545,PI,Nordeste,PFIZER/BIONTECH,138,138,0
Joca Marques,220545,PI,Nordeste,JANSSEN,70,0,0
José De Freitas,220550,PI,Nordeste,FIOCRUZ/ASTRAZENECA,8732,7681,1051
José De Freitas,220550,PI,Nordeste,BUTANTAN/SINOVAC,8075,4585,3490
José De Freitas,220550,PI,Nordeste,PFIZER/BIONTECH,1802,1801,1
José De Freitas,220550,PI,Nordeste,JANSSEN,480,0,0
Juazeiro Do Piauí,220551,PI,Nordeste,FIOCRUZ/ASTRAZENECA,970,894,76
Juazeiro Do Piauí,220551,PI,Nordeste,BUTANTAN/SINOVAC,874,475,399
Juazeiro Do Piauí,220551,PI,Nordeste,PFIZER/BIONTECH,263,263,0
Juazeiro Do Piauí,220551,PI,Nordeste,JANSSEN,115,0,0
Júlio Borges,220552,PI,Nordeste,FIOCRUZ/ASTRAZENECA,1737,1475,262
Júlio Borges,220552,PI,Nordeste,BUTANTAN/SINOVAC,1114,590,524
Júlio Borges,220552,PI,Nordeste,PFIZER/BIONTECH,334,334,0
Júlio Borges,220552,PI,Nordeste,JANSSEN,103,0,0
Jurema,220553,PI,Nordeste,FIOCRUZ/ASTRAZENECA,1336,974,362
Jurema,220553,PI,Nordeste,BUTANTAN/SINOVAC,897,469,428
Jurema,220553,PI,Nordeste,PFIZER/BIONTECH,234,234,0
Jurema,220553,PI,Nordeste,JANSSEN,72,0,0
Lagoa Alegre,220555,PI,Nordeste,FIOCRUZ/ASTRAZENECA,2297,2015,282
Lagoa Alegre,220555,PI,Nordeste,BUTANTAN/SINOVAC,1805,957,848
Lagoa Alegre,220555,PI,Nordeste,JANSSEN,109,0,0
Lagoa Alegre,220555,PI,Nordeste,PFIZER/BIONTECH,60,60,0
Lagoa De São Francisco,220557,PI,Nordeste,FIOCRUZ/ASTRAZENECA,3035,2640,395
Lagoa De São Francisco,220557,PI,Nordeste,BUTANTAN/SINOVAC,1735,983,752
Lagoa De São Francisco,220557,PI,Nordeste,PFIZER/BIONTECH,399,398,1
Lagoa De São Francisco,220557,PI,Nordeste,JANSSEN,115,0,0
Lagoa Do Barro Do Piauí,220556,PI,Nordeste,FIOCRUZ/ASTRAZENECA,2268,1956,312
Lagoa Do Barro Do Piauí,220556,PI,Nordeste,BUTANTAN/SINOVAC,1006,520,486
Lagoa Do Barro Do Piauí,220556,PI,Nordeste,PFIZER/BIONTECH,221,220,1
Lagoa Do Barro Do Piauí,220556,PI,Nordeste,JANSSEN,70,0,0
Lagoa Do Piauí,220558,PI,Nordeste,FIOCRUZ/ASTRAZENECA,1530,1393,137
Lagoa Do Piauí,220558,PI,Nordeste,BUTANTAN/SINOVAC,1016,535,481
Lagoa Do Piauí,220558,PI,Nordeste,PFIZER/BIONTECH,221,221,0
Lagoa Do Piauí,220558,PI,Nordeste,JANSSEN,44,0,0
Lagoa Do Sítio,220559,PI,Nordeste,FIOCRUZ/ASTRAZENECA,1475,1242,233
Lagoa Do Sítio,220559,PI,Nordeste,BUTANTAN/SINOVAC,923,519,404
Lagoa Do Sítio,220559,PI,Nordeste,PFIZER/BIONTECH,288,288,0
Lagoa Do Sítio,220559,PI,Nordeste,JANSSEN,93,0,0
Lagoinha Do Piauí,220554,PI,Nordeste,BUTANTAN/SINOVAC,768,390,378
Lagoinha Do Piauí,220554,PI,Nordeste,FIOCRUZ/ASTRAZENECA,598,549,49
Lagoinha Do Piauí,220554,PI,Nordeste,PFIZER/BIONTECH,109,109,0
Landri Sales,220560,PI,Nordeste,FIOCRUZ/ASTRAZENECA,2126,1629,497
Landri Sales,220560,PI,Nordeste,BUTANTAN/SINOVAC,1263,655,608
Landri Sales,220560,PI,Nordeste,PFIZER/BIONTECH,225,225,0
Landri Sales,220560,PI,Nordeste,JANSSEN,60,0,0
Luís Correia,220570,PI,Nordeste,FIOCRUZ/ASTRAZENECA,6164,5430,734
Luís Correia,220570,PI,Nordeste,BUTANTAN/SINOVAC,4472,2440,2032
Luís Correia,220570,PI,Nordeste,PFIZER/BIONTECH,1217,1215,2
Luís Correia,220570,PI,Nordeste,JANSSEN,456,0,0
Luzilândia,220580,PI,Nordeste,FIOCRUZ/ASTRAZENECA,6246,5359,887
Luzilândia,220580,PI,Nordeste,BUTANTAN/SINOVAC,4529,2397,2132
Luzilândia,220580,PI,Nordeste,PFIZER/BIONTECH,1143,1143,0
Luzilândia,220580,PI,Nordeste,JANSSEN,338,0,0
Madeiro,220585,PI,Nordeste,FIOCRUZ/ASTRAZENECA,2320,1796,524
Madeiro,220585,PI,Nordeste,BUTANTAN/SINOVAC,1222,676,546
Madeiro,220585,PI,Nordeste,PFIZER/BIONTECH,395,395,0
Madeiro,220585,PI,Nordeste,JANSSEN,109,0,0
Manoel Emídio,220590,PI,Nordeste,FIOCRUZ/ASTRAZENECA,1247,1090,157
Manoel Emídio,220590,PI,Nordeste,BUTANTAN/SINOVAC,1010,585,425
Manoel Emídio,220590,PI,Nordeste,PFIZER/BIONTECH,224,224,0
Manoel Emídio,220590,PI,Nordeste,JANSSEN,80,0,0
Marcolândia,220595,PI,Nordeste,FIOCRUZ/ASTRAZENECA,2226,1985,241
Marcolândia,220595,PI,Nordeste,BUTANTAN/SINOVAC,1488,876,612
Marcolândia,220595,PI,Nordeste,PFIZER/BIONTECH,425,425,0
Marcolândia,220595,PI,Nordeste,JANSSEN,144,0,0
Marcos Parente,220600,PI,Nordeste,FIOCRUZ/ASTRAZENECA,1433,1054,379
Marcos Parente,220600,PI,Nordeste,BUTANTAN/SINOVAC,965,509,456
Marcos Parente,220600,PI,Nordeste,PFIZER/BIONTECH,190,190,0
Marcos Parente,220600,PI,Nordeste,JANSSEN,53,0,0
Massapê Do Piauí,220605,PI,Nordeste,FIOCRUZ/ASTRAZENECA,1566,1375,191
Massapê Do Piauí,220605,PI,Nordeste,BUTANTAN/SINOVAC,1521,868,653
Massapê Do Piauí,220605,PI,Nordeste,PFIZER/BIONTECH,264,264,0
Massapê Do Piauí,220605,PI,Nordeste,JANSSEN,73,0,0
Matias Olímpio,220610,PI,Nordeste,FIOCRUZ/ASTRAZENECA,2510,2008,502
Matias Olímpio,220610,PI,Nordeste,BUTANTAN/SINOVAC,1811,1088,723
Matias Olímpio,220610,PI,Nordeste,PFIZER/BIONTECH,448,448,0
Matias Olímpio,220610,PI,Nordeste,JANSSEN,153,0,0
Miguel Alves,220620,PI,Nordeste,FIOCRUZ/ASTRAZENECA,9121,7429,1692
Miguel Alves,220620,PI,Nordeste,BUTANTAN/SINOVAC,5434,2928,2506
Miguel Alves,220620,PI,Nordeste,PFIZER/BIONTECH,1523,1523,0
Miguel Alves,220620,PI,Nordeste,JANSSEN,451,0,0
Miguel Leão,220630,PI,Nordeste,FIOCRUZ/ASTRAZENECA,804,738,66
Miguel Leão,220630,PI,Nordeste,BUTANTAN/SINOVAC,674,372,302
Miguel Leão,220630,PI,Nordeste,PFIZER/BIONTECH,71,71,0
Miguel Leão,220630,PI,Nordeste,JANSSEN,11,0,0
Milton Brandão,220635,PI,Nordeste,FIOCRUZ/ASTRAZENECA,2166,1947,219
Milton Brandão,220635,PI,Nordeste,BUTANTAN/SINOVAC,703,423,280
Milton Brandão,220635,PI,Nordeste,PFIZER/BIONTECH,376,376,0
Milton Brandão,220635,PI,Nordeste,JANSSEN,125,0,0
Monsenhor Gil,220640,PI,Nordeste,FIOCRUZ/ASTRAZENECA,3170,2403,767
Monsenhor Gil,220640,PI,Nordeste,BUTANTAN/SINOVAC,2163,1124,1039
Monsenhor Gil,220640,PI,Nordeste,PFIZER/BIONTECH,547,547,0
Monsenhor Gil,220640,PI,Nordeste,JANSSEN,145,0,0
Monsenhor Hipólito,220650,PI,Nordeste,FIOCRUZ/ASTRAZENECA,2637,1803,834
Monsenhor Hipólito,220650,PI,Nordeste,BUTANTAN/SINOVAC,2140,1168,972
Monsenhor Hipólito,220650,PI,Nordeste,PFIZER/BIONTECH,348,348,0
Monsenhor Hipólito,220650,PI,Nordeste,JANSSEN,105,0,0
Monte Alegre Do Piauí,220660,PI,Nordeste,FIOCRUZ/ASTRAZENECA,3366,3105,261
Monte Alegre Do Piauí,220660,PI,Nordeste,BUTANTAN/SINOVAC,1720,975,745
Monte Alegre Do Piauí,220660,PI,Nordeste,PFIZER/BIONTECH,556,556,0
Monte Alegre Do Piauí,220660,PI,Nordeste,JANSSEN,178,0,0
Morro Cabeça No Tempo,220665,PI,Nordeste,BUTANTAN/SINOVAC,1070,607,463
Morro Cabeça No Tempo,220665,PI,Nordeste,FIOCRUZ/ASTRAZENECA,1043,920,123
Morro Cabeça No Tempo,220665,PI,Nordeste,PFIZER/BIONTECH,276,276,0
Morro Cabeça No Tempo,220665,PI,Nordeste,JANSSEN,88,0,0
Morro Do Chapéu Do Piauí,220667,PI,Nordeste,FIOCRUZ/ASTRAZENECA,1780,1328,452
Morro Do Chapéu Do Piauí,220667,PI,Nordeste,BUTANTAN/SINOVAC,1315,717,598
Morro Do Chapéu Do Piauí,220667,PI,Nordeste,PFIZER/BIONTECH,236,236,0
Morro Do Chapéu Do Piauí,220667,PI,Nordeste,JANSSEN,85,0,0
Murici Dos Portelas,220669,PI,Nordeste,FIOCRUZ/ASTRAZENECA,2104,1702,402
Murici Dos Portelas,220669,PI,Nordeste,BUTANTAN/SINOVAC,1306,698,608
Murici Dos Portelas,220669,PI,Nordeste,PFIZER/BIONTECH,394,394,0
Murici Dos Portelas,220669,PI,Nordeste,JANSSEN,124,0,0
Nazaré Do Piauí,220670,PI,Nordeste,BUTANTAN/SINOVAC,2539,1468,1071
Nazaré Do Piauí,220670,PI,Nordeste,FIOCRUZ/ASTRAZENECA,2293,1894,399
Nazaré Do Piauí,220670,PI,Nordeste,PFIZER/BIONTECH,243,243,0
Nazaré Do Piauí,220670,PI,Nordeste,JANSSEN,79,0,0
Nazária,220672,PI,Nordeste,FIOCRUZ/ASTRAZENECA,1987,1698,289
Nazária,220672,PI,Nordeste,BUTANTAN/SINOVAC,1377,875,502
Nazária,220672,PI,Nordeste,PFIZER/BIONTECH,430,429,1
Nazária,220672,PI,Nordeste,JANSSEN,111,0,0
Nossa Senhora De Nazaré,220675,PI,Nordeste,FIOCRUZ/ASTRAZENECA,2043,1535,508
Nossa Senhora De Nazaré,220675,PI,Nordeste,BUTANTAN/SINOVAC,1167,617,550
Nossa Senhora De Nazaré,220675,PI,Nordeste,PFIZER/BIONTECH,268,268,0
Nossa Senhora De Nazaré,220675,PI,Nordeste,JANSSEN,72,0,0
Nossa Senhora Dos Remédios,220680,PI,Nordeste,FIOCRUZ/ASTRAZENECA,2460,1979,481
Nossa Senhora Dos Remédios,220680,PI,Nordeste,BUTANTAN/SINOVAC,1338,745,593
Nossa Senhora Dos Remédios,220680,PI,Nordeste,PFIZER/BIONTECH,371,371,0
Nossa Senhora Dos Remédios,220680,PI,Nordeste,JANSSEN,99,0,0
Nova Santa Rita,220795,PI,Nordeste,FIOCRUZ/ASTRAZENECA,1201,907,294
Nova Santa Rita,220795,PI,Nordeste,BUTANTAN/SINOVAC,796,398,398
Nova Santa Rita,220795,PI,Nordeste,PFIZER/BIONTECH,203,202,1
Nova Santa Rita,220795,PI,Nordeste,JANSSEN,60,0,0
Novo Oriente Do Piauí,220690,PI,Nordeste,FIOCRUZ/ASTRAZENECA,2005,1524,481
Novo Oriente Do Piauí,220690,PI,Nordeste,BUTANTAN/SINOVAC,1434,747,687
Novo Oriente Do Piauí,220690,PI,Nordeste,PFIZER/BIONTECH,328,328,0
Novo Oriente Do Piauí,220690,PI,Nordeste,JANSSEN,115,0,0
Novo Santo Antônio,220695,PI,Nordeste,FIOCRUZ/ASTRAZENECA,1034,858,176
Novo Santo Antônio,220695,PI,Nordeste,BUTANTAN/SINOVAC,762,404,358
Novo Santo Antônio,220695,PI,Nordeste,PFIZER/BIONTECH,189,189,0
Novo Santo Antônio,220695,PI,Nordeste,JANSSEN,47,0,0
Oeiras,220700,PI,Nordeste,FIOCRUZ/ASTRAZENECA,14086,9804,4282
Oeiras,220700,PI,Nordeste,BUTANTAN/SINOVAC,6900,3721,3179
Oeiras,220700,PI,Nordeste,PFIZER/BIONTECH,1816,1816,0
Oeiras,220700,PI,Nordeste,JANSSEN,578,0,0
Olho D'Água Do Piauí,220710,PI,Nordeste,FIOCRUZ/ASTRAZENECA,831,633,198
Olho D'Água Do Piauí,220710,PI,Nordeste,BUTANTAN/SINOVAC,770,406,364
Olho D'Água Do Piauí,220710,PI,Nordeste,PFIZER/BIONTECH,175,175,0
Olho D'Água Do Piauí,220710,PI,Nordeste,JANSSEN,49,0,0
Padre Marcos,220720,PI,Nordeste,FIOCRUZ/ASTRAZENECA,2079,1713,366
Padre Marcos,220720,PI,Nordeste,BUTANTAN/SINOVAC,1385,722,663
Padre Marcos,220720,PI,Nordeste,PFIZER/BIONTECH,397,397,0
Padre Marcos,220720,PI,Nordeste,JANSSEN,155,0,0
Paes Landim,220730,PI,Nordeste,FIOCRUZ/ASTRAZENECA,1230,1124,106
Paes Landim,220730,PI,Nordeste,BUTANTAN/SINOVAC,1176,684,492
Paes Landim,220730,PI,Nordeste,PFIZER/BIONTECH,197,197,0
Paes Landim,220730,PI,Nordeste,JANSSEN,49,0,0
Pajeú Do Piauí,220735,PI,Nordeste,BUTANTAN/SINOVAC,997,547,450
Pajeú Do Piauí,220735,PI,Nordeste,FIOCRUZ/ASTRAZENECA,929,790,139
Pajeú Do Piauí,220735,PI,Nordeste,PFIZER/BIONTECH,94,94,0
Pajeú Do Piauí,220735,PI,Nordeste,JANSSEN,33,0,0
Palmeira Do Piauí,220740,PI,Nordeste,FIOCRUZ/ASTRAZENECA,1493,1268,225
Palmeira Do Piauí,220740,PI,Nordeste,BUTANTAN/SINOVAC,1053,584,469
Palmeira Do Piauí,220740,PI,Nordeste,PFIZER/BIONTECH,298,298,0
Palmeira Do Piauí,220740,PI,Nordeste,JANSSEN,72,0,0
Palmeirais,220750,PI,Nordeste,FIOCRUZ/ASTRAZENECA,3333,2756,577
Palmeirais,220750,PI,Nordeste,BUTANTAN/SINOVAC,2794,1550,1244
Palmeirais,220750,PI,Nordeste,JANSSEN,231,0,0
Palmeirais,220750,PI,Nordeste,PFIZER/BIONTECH,154,153,1
Paquetá,220755,PI,Nordeste,FIOCRUZ/ASTRAZENECA,1676,1182,494
Paquetá,220755,PI,Nordeste,BUTANTAN/SINOVAC,957,487,470
Paquetá,220755,PI,Nordeste,JANSSEN,53,0,0
Parnaguá,220760,PI,Nordeste,FIOCRUZ/ASTRAZENECA,3131,2677,454
Parnaguá,220760,PI,Nordeste,BUTANTAN/SINOVAC,1562,853,709
Parnaguá,220760,PI,Nordeste,PFIZER/BIONTECH,518,518,0
Parnaguá,220760,PI,Nordeste,JANSSEN,179,0,0
Parnaíba,220770,PI,Nordeste,FIOCRUZ/ASTRAZENECA,37426,31229,6197
Parnaíba,220770,PI,Nordeste,BUTANTAN/SINOVAC,27283,14708,12575
Parnaíba,220770,PI,Nordeste,PFIZER/BIONTECH,8940,8929,11
Parnaíba,220770,PI,Nordeste,JANSSEN,2224,0,0
Passagem Franca Do Piauí,220775,PI,Nordeste,BUTANTAN/SINOVAC,1063,559,504
Passagem Franca Do Piauí,220775,PI,Nordeste,FIOCRUZ/ASTRAZENECA,1004,891,113
Passagem Franca Do Piauí,220775,PI,Nordeste,PFIZER/BIONTECH,267,193,74
Passagem Franca Do Piauí,220775,PI,Nordeste,JANSSEN,67,0,0
Patos Do Piauí,220777,PI,Nordeste,FIOCRUZ/ASTRAZENECA,2482,1918,564
Patos Do Piauí,220777,PI,Nordeste,BUTANTAN/SINOVAC,1362,716,646
Patos Do Piauí,220777,PI,Nordeste,PFIZER/BIONTECH,366,366,0
Patos Do Piauí,220777,PI,Nordeste,JANSSEN,105,0,0
Pau D'Arco Do Piauí,220779,PI,Nordeste,FIOCRUZ/ASTRAZENECA,1007,778,229
Pau D'Arco Do Piauí,220779,PI,Nordeste,BUTANTAN/SINOVAC,806,416,390
Pau D'Arco Do Piauí,220779,PI,Nordeste,JANSSEN,47,0,0
Paulistana,220780,PI,Nordeste,FIOCRUZ/ASTRAZENECA,7068,5301,1767
Paulistana,220780,PI,Nordeste,BUTANTAN/SINOVAC,3206,1736,1470
Paulistana,220780,PI,Nordeste,PFIZER/BIONTECH,1175,1175,0
Paulistana,220780,PI,Nordeste,JANSSEN,362,0,0
Pavussu,220785,PI,Nordeste,FIOCRUZ/ASTRAZENECA,1067,773,294
Pavussu,220785,PI,Nordeste,BUTANTAN/SINOVAC,941,498,443
Pavussu,220785,PI,Nordeste,PFIZER/BIONTECH,186,186,0
Pavussu,220785,PI,Nordeste,JANSSEN,55,0,0
Pedro Ii,220790,PI,Nordeste,FIOCRUZ/ASTRAZENECA,10806,10127,679
Pedro Ii,220790,PI,Nordeste,BUTANTAN/SINOVAC,9222,4963,4259
Pedro Ii,220790,PI,Nordeste,PFIZER/BIONTECH,2074,2064,10
Pedro Ii,220790,PI,Nordeste,JANSSEN,698,0,0
Pedro Laurentino,220793,PI,Nordeste,FIOCRUZ/ASTRAZENECA,978,885,93
Pedro Laurentino,220793,PI,Nordeste,BUTANTAN/SINOVAC,554,299,255
Pedro Laurentino,220793,PI,Nordeste,PFIZER/BIONTECH,94,94,0
Pedro Laurentino,220793,PI,Nordeste,JANSSEN,25,0,0
Picos,220800,PI,Nordeste,FIOCRUZ/ASTRAZENECA,23828,16800,7028
Picos,220800,PI,Nordeste,BUTANTAN/SINOVAC,15394,7992,7402
Picos,220800,PI,Nordeste,PFIZER/BIONTECH,5106,5106,0
Picos,220800,PI,Nordeste,JANSSEN,1090,0,0
Pimenteiras,220810,PI,Nordeste,FIOCRUZ/ASTRAZENECA,3622,2622,1000
Pimenteiras,220810,PI,Nordeste,BUTANTAN/SINOVAC,2315,1268,1047
Pimenteiras,220810,PI,Nordeste,PFIZER/BIONTECH,678,678,0
Pimenteiras,220810,PI,Nordeste,JANSSEN,244,0,0
Pio Ix,220820,PI,Nordeste,FIOCRUZ/ASTRAZENECA,5310,4485,825
Pio Ix,220820,PI,Nordeste,BUTANTAN/SINOVAC,2795,1501,1294
Pio Ix,220820,PI,Nordeste,PFIZER/BIONTECH,1115,1115,0
Pio Ix,220820,PI,Nordeste,JANSSEN,405,0,0
Piracuruca,220830,PI,Nordeste,FIOCRUZ/ASTRAZENECA,7510,6343,1167
Piracuruca,220830,PI,Nordeste,BUTANTAN/SINOVAC,4850,2618,2232
Piracuruca,220830,PI,Nordeste,PFIZER/BIONTECH,1541,1541,0
Piracuruca,220830,PI,Nordeste,JANSSEN,491,0,0
Piripiri,220840,PI,Nordeste,FIOCRUZ/ASTRAZENECA,20038,16337,3701
Piripiri,220840,PI,Nordeste,BUTANTAN/SINOVAC,12423,6806,5617
Piripiri,220840,PI,Nordeste,PFIZER/BIONTECH,4304,4304,0
Piripiri,220840,PI,Nordeste,JANSSEN,950,0,0
Porto,220850,PI,Nordeste,FIOCRUZ/ASTRAZENECA,3915,3463,452
Porto,220850,PI,Nordeste,BUTANTAN/SINOVAC,1821,997,824
Porto,220850,PI,Nordeste,PFIZER/BIONTECH,559,558,1
Porto,220850,PI,Nordeste,JANSSEN,139,0,0
Porto Alegre Do Piauí,220855,PI,Nordeste,FIOCRUZ/ASTRAZENECA,669,501,168
Porto Alegre Do Piauí,220855,PI,Nordeste,BUTANTAN/SINOVAC,609,314,295
Porto Alegre Do Piauí,220855,PI,Nordeste,PFIZER/BIONTECH,113,113,0
Porto Alegre Do Piauí,220855,PI,Nordeste,JANSSEN,35,0,0
Prata Do Piauí,220860,PI,Nordeste,FIOCRUZ/ASTRAZENECA,1522,1269,253
Prata Do Piauí,220860,PI,Nordeste,BUTANTAN/SINOVAC,1043,554,489
Prata Do Piauí,220860,PI,Nordeste,PFIZER/BIONTECH,160,160,0
Prata Do Piauí,220860,PI,Nordeste,JANSSEN,39,0,0
Queimada Nova,220865,PI,Nordeste,FIOCRUZ/ASTRAZENECA,3440,2394,1046
Queimada Nova,220865,PI,Nordeste,BUTANTAN/SINOVAC,1561,844,717
Queimada Nova,220865,PI,Nordeste,PFIZER/BIONTECH,538,538,0
Queimada Nova,220865,PI,Nordeste,JANSSEN,185,0,0
Redenção Do Gurguéia,220870,PI,Nordeste,FIOCRUZ/ASTRAZENECA,2416,1927,489
Redenção Do Gurguéia,220870,PI,Nordeste,BUTANTAN/SINOVAC,1237,674,563
Redenção Do Gurguéia,220870,PI,Nordeste,PFIZER/BIONTECH,324,324,0
Redenção Do Gurguéia,220870,PI,Nordeste,JANSSEN,100,0,0
Regeneração,220880,PI,Nordeste,FIOCRUZ/ASTRAZENECA,4664,3978,686
Regeneração,220880,PI,Nordeste,BUTANTAN/SINOVAC,3241,1718,1523
Regeneração,220880,PI,Nordeste,PFIZER/BIONTECH,951,951,0
Regeneração,220880,PI,Nordeste,JANSSEN,300,0,0
Riacho Frio,220885,PI,Nordeste,FIOCRUZ/ASTRAZENECA,1295,1071,224
Riacho Frio,220885,PI,Nordeste,BUTANTAN/SINOVAC,590,347,243
Riacho Frio,220885,PI,Nordeste,PFIZER/BIONTECH,250,250,0
Riacho Frio,220885,PI,Nordeste,JANSSEN,63,0,0
Ribeira Do Piauí,220887,PI,Nordeste,FIOCRUZ/ASTRAZENECA,1481,1012,469
Ribeira Do Piauí,220887,PI,Nordeste,BUTANTAN/SINOVAC,738,395,343
Ribeira Do Piauí,220887,PI,Nordeste,PFIZER/BIONTECH,213,213,0
Ribeira Do Piauí,220887,PI,Nordeste,JANSSEN,67,0,0
Ribeiro Gonçalves,220890,PI,Nordeste,FIOCRUZ/ASTRAZENECA,1865,1679,186
Ribeiro Gonçalves,220890,PI,Nordeste,BUTANTAN/SINOVAC,889,508,381
Ribeiro Gonçalves,220890,PI,Nordeste,PFIZER/BIONTECH,402,402,0
Ribeiro Gonçalves,220890,PI,Nordeste,JANSSEN,124,0,0
Rio Grande Do Piauí,220900,PI,Nordeste,FIOCRUZ/ASTRAZENECA,2144,1598,546
Rio Grande Do Piauí,220900,PI,Nordeste,BUTANTAN/SINOVAC,1449,741,708
Rio Grande Do Piauí,220900,PI,Nordeste,PFIZER/BIONTECH,276,276,0
Rio Grande Do Piauí,220900,PI,Nordeste,JANSSEN,79,0,0
Santa Cruz Do Piauí,220910,PI,Nordeste,FIOCRUZ/ASTRAZENECA,2684,1705,979
Santa Cruz Do Piauí,220910,PI,Nordeste,BUTANTAN/SINOVAC,1435,740,695
Santa Cruz Do Piauí,220910,PI,Nordeste,PFIZER/BIONTECH,206,205,1
Santa Cruz Do Piauí,220910,PI,Nordeste,JANSSEN,91,0,0
Santa Cruz Dos Milagres,220915,PI,Nordeste,FIOCRUZ/ASTRAZENECA,1117,911,206
Santa Cruz Dos Milagres,220915,PI,Nordeste,BUTANTAN/SINOVAC,818,435,383
Santa Cruz Dos Milagres,220915,PI,Nordeste,PFIZER/BIONTECH,239,239,0
Santa Cruz Dos Milagres,220915,PI,Nordeste,JANSSEN,75,0,0
Santa Filomena,220920,PI,Nordeste,FIOCRUZ/ASTRAZENECA,1808,1268,540
Santa Filomena,220920,PI,Nordeste,BUTANTAN/SINOVAC,969,535,434
Santa Filomena,220920,PI,Nordeste,PFIZER/BIONTECH,326,323,3
Santa Filomena,220920,PI,Nordeste,JANSSEN,125,0,0
Santa Luz,220930,PI,Nordeste,FIOCRUZ/ASTRAZENECA,1789,1507,282
Santa Luz,220930,PI,Nordeste,BUTANTAN/SINOVAC,1145,639,506
Santa Luz,220930,PI,Nordeste,PFIZER/BIONTECH,337,337,0
Santa Luz,220930,PI,Nordeste,JANSSEN,108,0,0
Santa Rosa Do Piauí,220937,PI,Nordeste,FIOCRUZ/ASTRAZENECA,1874,1622,252
Santa Rosa Do Piauí,220937,PI,Nordeste,BUTANTAN/SINOVAC,1179,681,498
Santa Rosa Do Piauí,220937,PI,Nordeste,PFIZER/BIONTECH,288,288,0
Santa Rosa Do Piauí,220937,PI,Nordeste,JANSSEN,89,0,0
Santana Do Piauí,220935,PI,Nordeste,FIOCRUZ/ASTRAZENECA,1200,901,299
Santana Do Piauí,220935,PI,Nordeste,BUTANTAN/SINOVAC,957,505,452
Santana Do Piauí,220935,PI,Nordeste,JANSSEN,50,0,0
Santo Antônio De Lisboa,220940,PI,Nordeste,FIOCRUZ/ASTRAZENECA,2343,1782,561
Santo Antônio De Lisboa,220940,PI,Nordeste,BUTANTAN/SINOVAC,1570,816,754
Santo Antônio De Lisboa,220940,PI,Nordeste,PFIZER/BIONTECH,297,297,0
Santo Antônio De Lisboa,220940,PI,Nordeste,JANSSEN,81,0,0
Santo Antônio Dos Milagres,220945,PI,Nordeste,FIOCRUZ/ASTRAZENECA,859,651,208
Santo Antônio Dos Milagres,220945,PI,Nordeste,BUTANTAN/SINOVAC,622,328,294
Santo Antônio Dos Milagres,220945,PI,Nordeste,PFIZER/BIONTECH,133,133,0
Santo Antônio Dos Milagres,220945,PI,Nordeste,JANSSEN,30,0,0
Santo Inácio Do Piauí,220950,PI,Nordeste,FIOCRUZ/ASTRAZENECA,1533,1105,428
Santo Inácio Do Piauí,220950,PI,Nordeste,BUTANTAN/SINOVAC,926,478,448
Santo Inácio Do Piauí,220950,PI,Nordeste,PFIZER/BIONTECH,232,232,0
Santo Inácio Do Piauí,220950,PI,Nordeste,JANSSEN,69,0,0
São Braz Do Piauí,220955,PI,Nordeste,FIOCRUZ/ASTRAZENECA,1342,1050,292
São Braz Do Piauí,220955,PI,Nordeste,BUTANTAN/SINOVAC,878,465,413
São Braz Do Piauí,220955,PI,Nordeste,PFIZER/BIONTECH,227,227,0
São Braz Do Piauí,220955,PI,Nordeste,JANSSEN,60,0,0
São Félix Do Piauí,220960,PI,Nordeste,FIOCRUZ/ASTRAZENECA,1322,1046,276
São Félix Do Piauí,220960,PI,Nordeste,BUTANTAN/SINOVAC,1034,541,493
São Félix Do Piauí,220960,PI,Nordeste,PFIZER/BIONTECH,155,155,0
São Félix Do Piauí,220960,PI,Nordeste,JANSSEN,44,0,0
São Francisco De Assis Do Piauí,220965,PI,Nordeste,FIOCRUZ/ASTRAZENECA,2161,1600,561
São Francisco De Assis Do Piauí,220965,PI,Nordeste,BUTANTAN/SINOVAC,909,474,435
São Francisco De Assis Do Piauí,220965,PI,Nordeste,PFIZER/BIONTECH,346,346,0
São Francisco De Assis Do Piauí,220965,PI,Nordeste,JANSSEN,95,0,0
São Francisco Do Piauí,220970,PI,Nordeste,FIOCRUZ/ASTRAZENECA,1886,1446,440
São Francisco Do Piauí,220970,PI,Nordeste,BUTANTAN/SINOVAC,1794,1150,644
São Francisco Do Piauí,220970,PI,Nordeste,PFIZER/BIONTECH,236,236,0
São Francisco Do Piauí,220970,PI,Nordeste,JANSSEN,73,0,0
São Gonçalo Do Gurguéia,220975,PI,Nordeste,FIOCRUZ/ASTRAZENECA,589,535,54
São Gonçalo Do Gurguéia,220975,PI,Nordeste,BUTANTAN/SINOVAC,474,256,218
São Gonçalo Do Gurguéia,220975,PI,Nordeste,PFIZER/BIONTECH,162,162,0
São Gonçalo Do Gurguéia,220975,PI,Nordeste,JANSSEN,61,0,0
São Gonçalo Do Piauí,220980,PI,Nordeste,BUTANTAN/SINOVAC,1557,848,709
São Gonçalo Do Piauí,220980,PI,Nordeste,FIOCRUZ/ASTRAZENECA,1344,1287,57
São Gonçalo Do Piauí,220980,PI,Nordeste,PFIZER/BIONTECH,255,255,0
São Gonçalo Do Piauí,220980,PI,Nordeste,JANSSEN,90,0,0
São João Da Canabrava,220985,PI,Nordeste,FIOCRUZ/ASTRAZENECA,1437,1111,326
São João Da Canabrava,220985,PI,Nordeste,BUTANTAN/SINOVAC,1117,598,519
São João Da Canabrava,220985,PI,Nordeste,PFIZER/BIONTECH,112,112,0
São João Da Canabrava,220985,PI,Nordeste,JANSSEN,59,0,0
São João Da Fronteira,220987,PI,Nordeste,BUTANTAN/SINOVAC,1199,628,571
São João Da Fronteira,220987,PI,Nordeste,FIOCRUZ/ASTRAZENECA,971,926,45
São João Da Fronteira,220987,PI,Nordeste,PFIZER/BIONTECH,262,262,0
São João Da Fronteira,220987,PI,Nordeste,JANSSEN,36,0,0
São João Da Serra,220990,PI,Nordeste,FIOCRUZ/ASTRAZENECA,1833,1547,286
São João Da Serra,220990,PI,Nordeste,BUTANTAN/SINOVAC,1645,862,783
São João Da Serra,220990,PI,Nordeste,PFIZER/BIONTECH,415,415,0
São João Da Serra,220990,PI,Nordeste,JANSSEN,95,0,0
São João Da Varjota,220995,PI,Nordeste,FIOCRUZ/ASTRAZENECA,2942,2009,933
São João Da Varjota,220995,PI,Nordeste,BUTANTAN/SINOVAC,1009,530,479
São João Da Varjota,220995,PI,Nordeste,PFIZER/BIONTECH,261,261,0
São João Da Varjota,220995,PI,Nordeste,JANSSEN,81,0,0
São João Do Arraial,220997,PI,Nordeste,FIOCRUZ/ASTRAZENECA,1794,1425,369
São João Do Arraial,220997,PI,Nordeste,BUTANTAN/SINOVAC,1371,746,625
São João Do Arraial,220997,PI,Nordeste,PFIZER/BIONTECH,336,334,2
São João Do Arraial,220997,PI,Nordeste,JANSSEN,105,0,0
São João Do Piauí,221000,PI,Nordeste,FIOCRUZ/ASTRAZENECA,10351,7429,2922
São João Do Piauí,221000,PI,Nordeste,BUTANTAN/SINOVAC,3630,1923,1707
São João Do Piauí,221000,PI,Nordeste,PFIZER/BIONTECH,885,883,2
São João Do Piauí,221000,PI,Nordeste,JANSSEN,253,0,0
São José Do Divino,221005,PI,Nordeste,FIOCRUZ/ASTRAZENECA,1689,1482,207
São José Do Divino,221005,PI,Nordeste,BUTANTAN/SINOVAC,1265,709,556
São José Do Divino,221005,PI,Nordeste,PFIZER/BIONTECH,339,339,0
São José Do Divino,221005,PI,Nordeste,JANSSEN,120,0,0
São José Do Peixe,221010,PI,Nordeste,FIOCRUZ/ASTRAZENECA,719,592,127
São José Do Peixe,221010,PI,Nordeste,BUTANTAN/SINOVAC,687,367,320
São José Do Peixe,221010,PI,Nordeste,PFIZER/BIONTECH,100,100,0
São José Do Peixe,221010,PI,Nordeste,JANSSEN,24,0,0
São José Do Piauí,221020,PI,Nordeste,FIOCRUZ/ASTRAZENECA,2615,1920,695
São José Do Piauí,221020,PI,Nordeste,BUTANTAN/SINOVAC,1516,785,731
São José Do Piauí,221020,PI,Nordeste,JANSSEN,80,0,0
São José Do Piauí,221020,PI,Nordeste,PFIZER/BIONTECH,62,62,0
São Julião,221030,PI,Nordeste,FIOCRUZ/ASTRAZENECA,2347,1691,656
São Julião,221030,PI,Nordeste,BUTANTAN/SINOVAC,1498,807,691
São Julião,221030,PI,Nordeste,PFIZER/BIONTECH,384,384,0
São Julião,221030,PI,Nordeste,JANSSEN,120,0,0
São Lourenço Do Piauí,221035,PI,Nordeste,FIOCRUZ/ASTRAZENECA,2548,1702,846
São Lourenço Do Piauí,221035,PI,Nordeste,BUTANTAN/SINOVAC,1151,589,562
São Lourenço Do Piauí,221035,PI,Nordeste,PFIZER/BIONTECH,187,187,0
São Lourenço Do Piauí,221035,PI,Nordeste,JANSSEN,65,0,0
São Luis Do Piauí,221037,PI,Nordeste,FIOCRUZ/ASTRAZENECA,715,685,30
São Luis Do Piauí,221037,PI,Nordeste,BUTANTAN/SINOVAC,572,305,267
São Luis Do Piauí,221037,PI,Nordeste,JANSSEN,20,0,0
São Miguel Da Baixa Grande,221038,PI,Nordeste,FIOCRUZ/ASTRAZENECA,950,671,279
São Miguel Da Baixa Grande,221038,PI,Nordeste,BUTANTAN/SINOVAC,648,336,312
São Miguel Da Baixa Grande,221038,PI,Nordeste,PFIZER/BIONTECH,161,161,0
São Miguel Da Baixa Grande,221038,PI,Nordeste,JANSSEN,45,0,0
São Miguel Do Fidalgo,221039,PI,Nordeste,FIOCRUZ/ASTRAZENECA,725,496,229
São Miguel Do Fidalgo,221039,PI,Nordeste,BUTANTAN/SINOVAC,579,339,240
São Miguel Do Fidalgo,221039,PI,Nordeste,PFIZER/BIONTECH,65,65,0
São Miguel Do Fidalgo,221039,PI,Nordeste,JANSSEN,35,0,0
São Miguel Do Tapuio,221040,PI,Nordeste,FIOCRUZ/ASTRAZENECA,5758,4709,1049
São Miguel Do Tapuio,221040,PI,Nordeste,BUTANTAN/SINOVAC,3399,1880,1519
São Miguel Do Tapuio,221040,PI,Nordeste,PFIZER/BIONTECH,983,973,10
São Miguel Do Tapuio,221040,PI,Nordeste,JANSSEN,315,0,0
São Pedro Do Piauí,221050,PI,Nordeste,FIOCRUZ/ASTRAZENECA,4100,3635,465
São Pedro Do Piauí,221050,PI,Nordeste,BUTANTAN/SINOVAC,2776,1515,1261
São Pedro Do Piauí,221050,PI,Nordeste,PFIZER/BIONTECH,725,725,0
São Pedro Do Piauí,221050,PI,Nordeste,JANSSEN,260,0,0
São Raimundo Nonato,221060,PI,Nordeste,FIOCRUZ/ASTRAZENECA,16579,12248,4331
São Raimundo Nonato,221060,PI,Nordeste,BUTANTAN/SINOVAC,5703,3223,2480
São Raimundo Nonato,221060,PI,Nordeste,PFIZER/BIONTECH,1977,1977,0
São Raimundo Nonato,221060,PI,Nordeste,JANSSEN,460,0,0
Sebastião Barros,221062,PI,Nordeste,FIOCRUZ/ASTRAZENECA,870,781,89
Sebastião Barros,221062,PI,Nordeste,BUTANTAN/SINOVAC,794,406,388
Sebastião Barros,221062,PI,Nordeste,PFIZER/BIONTECH,121,121,0
Sebastião Barros,221062,PI,Nordeste,JANSSEN,50,0,0
Sebastião Leal,221063,PI,Nordeste,FIOCRUZ/ASTRAZENECA,1319,971,348
Sebastião Leal,221063,PI,Nordeste,BUTANTAN/SINOVAC,1054,580,474
Sebastião Leal,221063,PI,Nordeste,PFIZER/BIONTECH,276,276,0
Sebastião Leal,221063,PI,Nordeste,JANSSEN,86,0,0
Sigefredo Pacheco,221065,PI,Nordeste,FIOCRUZ/ASTRAZENECA,3076,2472,604
Sigefredo Pacheco,221065,PI,Nordeste,BUTANTAN/SINOVAC,1913,1017,896
Sigefredo Pacheco,221065,PI,Nordeste,PFIZER/BIONTECH,407,407,0
Sigefredo Pacheco,221065,PI,Nordeste,JANSSEN,175,0,0
Simões,221070,PI,Nordeste,FIOCRUZ/ASTRAZENECA,4674,3311,1363
Simões,221070,PI,Nordeste,BUTANTAN/SINOVAC,2585,1477,1108
Simões,221070,PI,Nordeste,PFIZER/BIONTECH,550,549,1
Simões,221070,PI,Nordeste,JANSSEN,239,0,0
Simplício Mendes,221080,PI,Nordeste,FIOCRUZ/ASTRAZENECA,4654,3358,1296
Simplício Mendes,221080,PI,Nordeste,BUTANTAN/SINOVAC,3401,1764,1637
Simplício Mendes,221080,PI,Nordeste,PFIZER/BIONTECH,739,739,0
Simplício Mendes,221080,PI,Nordeste,JANSSEN,220,0,0
Socorro Do Piauí,221090,PI,Nordeste,FIOCRUZ/ASTRAZENECA,1985,1421,564
Socorro Do Piauí,221090,PI,Nordeste,BUTANTAN/SINOVAC,991,513,478
Socorro Do Piauí,221090,PI,Nordeste,PFIZER/BIONTECH,204,204,0
Socorro Do Piauí,221090,PI,Nordeste,JANSSEN,50,0,0
Sussuapara,221093,PI,Nordeste,FIOCRUZ/ASTRAZENECA,2011,1413,598
Sussuapara,221093,PI,Nordeste,BUTANTAN/SINOVAC,1508,750,758
Sussuapara,221093,PI,Nordeste,JANSSEN,100,0,0
Tamboril Do Piauí,221095,PI,Nordeste,FIOCRUZ/ASTRAZENECA,884,651,233
Tamboril Do Piauí,221095,PI,Nordeste,BUTANTAN/SINOVAC,595,319,276
Tamboril Do Piauí,221095,PI,Nordeste,PFIZER/BIONTECH,138,138,0
Tamboril Do Piauí,221095,PI,Nordeste,JANSSEN,45,0,0
Tanque Do Piauí,221097,PI,Nordeste,FIOCRUZ/ASTRAZENECA,974,667,307
Tanque Do Piauí,221097,PI,Nordeste,BUTANTAN/SINOVAC,602,317,285
Tanque Do Piauí,221097,PI,Nordeste,PFIZER/BIONTECH,194,194,0
Tanque Do Piauí,221097,PI,Nordeste,JANSSEN,56,0,0
Teresina,221100,PI,Nordeste,FIOCRUZ/ASTRAZENECA,282409,218152,64257
Teresina,221100,PI,Nordeste,BUTANTAN/SINOVAC,169302,90657,78645
Teresina,221100,PI,Nordeste,PFIZER/BIONTECH,81475,79733,1742
Teresina,221100,PI,Nordeste,JANSSEN,11503,0,0
União,221110,PI,Nordeste,FIOCRUZ/ASTRAZENECA,11945,10268,1677
União,221110,PI,Nordeste,BUTANTAN/SINOVAC,9334,4936,4398
União,221110,PI,Nordeste,PFIZER/BIONTECH,1913,1913,0
União,221110,PI,Nordeste,JANSSEN,571,0,0
Uruçuí,221120,PI,Nordeste,FIOCRUZ/ASTRAZENECA,6548,5170,1378
Uruçuí,221120,PI,Nordeste,BUTANTAN/SINOVAC,2473,1369,1104
Uruçuí,221120,PI,Nordeste,PFIZER/BIONTECH,1249,1249,0
Uruçuí,221120,PI,Nordeste,JANSSEN,300,0,0
Valença Do Piauí,221130,PI,Nordeste,FIOCRUZ/ASTRAZENECA,8680,6436,2244
Valença Do Piauí,221130,PI,Nordeste,BUTANTAN/SINOVAC,5524,2810,2714
Valença Do Piauí,221130,PI,Nordeste,PFIZER/BIONTECH,1114,1111,3
Valença Do Piauí,221130,PI,Nordeste,JANSSEN,318,0,0
Várzea Branca,221135,PI,Nordeste,FIOCRUZ/ASTRAZENECA,2427,1826,601
Várzea Branca,221135,PI,Nordeste,BUTANTAN/SINOVAC,927,521,406
Várzea Branca,221135,PI,Nordeste,PFIZER/BIONTECH,214,214,0
Várzea Branca,221135,PI,Nordeste,JANSSEN,70,0,0
Várzea Grande,221140,PI,Nordeste,FIOCRUZ/ASTRAZENECA,1013,888,125
Várzea Grande,221140,PI,Nordeste,BUTANTAN/SINOVAC,830,483,347
Várzea Grande,221140,PI,Nordeste,PFIZER/BIONTECH,161,161,0
Várzea Grande,221140,PI,Nordeste,JANSSEN,43,0,0
Vera Mendes,221150,PI,Nordeste,FIOCRUZ/ASTRAZENECA,1569,1158,411
Vera Mendes,221150,PI,Nordeste,BUTANTAN/SINOVAC,870,513,357
Vera Mendes,221150,PI,Nordeste,PFIZER/BIONTECH,249,249,0
Vera Mendes,221150,PI,Nordeste,JANSSEN,36,0,0
Vila Nova Do Piauí,221160,PI,Nordeste,FIOCRUZ/ASTRAZENECA,1142,902,240
Vila Nova Do Piauí,221160,PI,Nordeste,BUTANTAN/SINOVAC,664,353,311
Vila Nova Do Piauí,221160,PI,Nordeste,PFIZER/BIONTECH,181,181,0
Vila Nova Do Piauí,221160,PI,Nordeste,JANSSEN,57,0,0
Wall Ferraz,221170,PI,Nordeste,FIOCRUZ/ASTRAZENECA,1701,1319,382
Wall Ferraz,221170,PI,Nordeste,BUTANTAN/SINOVAC,755,407,348
Wall Ferraz,221170,PI,Nordeste,PFIZER/BIONTECH,160,160,0
Wall Ferraz,221170,PI,Nordeste,JANSSEN,39,0,0
-,220000,PI,Nordeste,-,0,0,0
